{"Loss": [2.904309887931032, 1.6198790411716737, 1.0231336293824065, 0.42326796097598923, 0.16387158458113066, 0.3134984984084577, -0.06628402819162903, -0.0015156733848845714, -0.0845618889229255, -0.1808522485706182], "logP": [-0.0034016540527355464, 1.135550256030716, 1.6546699862763192, 2.2010078629092225, 2.425397938902273, 2.237699822317692, 2.581972230905257, 2.4813436334659844, 2.5255331129960292, 2.583896187116515], "logdet": [0.09909179963430671, 0.244570736052855, 0.32219641665055315, 0.3757242096013993, 0.41073051010662653, 0.4488017088587179, 0.48431182648025967, 0.5201720792636182, 0.559028796992212, 0.5969560911070626]}