{"Loss": [1.4678854756760147, 0.8530035108890174, 0.7471100955076937, 0.6903914464344768, 0.6627117403835621, 0.6461007858409822, 0.6335117933135362, 0.6226336191285331, 0.6147342800344311, 0.6088536655378042], "logP": [-1.070749319761804, -0.5768379775233239, -0.44522126801546263, -0.3330785139645421, -0.24161930885985963, -0.17898713873476726, -0.13040316782880035, -0.08030220310192017, -0.04884664442664036, -0.022983319703020953], "logdet": [2.6028638791363194, 2.723834490626113, 2.698111205730798, 2.6426871055327124, 2.5789075943658935, 2.5328863881668955, 2.496891401098959, 2.457668613712743, 2.4341123947557413, 2.4141296868054374]}