{"Loss": [2.7985220487762548, 1.7117944384146038, 1.4260576957801603, 1.2102828678095117, 1.005670963124659, 0.798494205909705, 0.5802003008389623, 0.3570431894242014, 0.15504875915628746, 0.0031531480235800313], "logP": [-0.0629641239636771, 0.6946877515728369, 0.7329452466102516, 0.7038856839187115, 0.6557569203886596, 0.5948778814958326, 0.5303050360683376, 0.4660638641542609, 0.40746670628681125, 0.3513015974430168], "logdet": [0.2644421025655238, 0.5935178404240489, 0.8409970850689606, 1.085831475145412, 1.3385721484445177, 1.6066279431933876, 1.8894946936916255, 2.1768929785902396, 2.437484567270339, 2.645545284703093]}