{"Loss": [3.8439835684854278, 3.35202870803809, 3.1172792292990774, 2.9373996801346354, 2.7477851480058155, 2.530755357172504, 2.3273040835962355, 2.1207033315169737, 1.9187765560060177, 1.8081272709294685], "logP": [-0.8219652606068917, -0.35201499028916255, -0.11625372358772072, 0.061732046511141385, 0.2521203341132393, 0.4718320096766799, 0.6787207790023688, 0.8923107822361233, 1.1158234174334027, 1.25870586111673], "logdet": [-0.022018275865686988, -1.3686961061901445e-05, -0.0010254740960224339, 0.0008683019565704047, 9.45617934115681e-05, -0.0025873369634627002, -0.006024832985731451, -0.013014080905671811, -0.03459994182716938, -0.06683310325134476]}