{"Loss": [0.07262223746987066, -0.24807905497647376, -0.3551382279292967, -0.3925374324123065, -0.42312225844687634, -0.4483230603659678, -0.4679187189951633, -0.4837444842142879, -0.4958588345058309, -0.5073715679862965], "logP": [-0.6990045975401716, -0.39932027065529013, -0.2991369751358182, -0.24308133010500632, -0.18000018078857247, -0.10372507609075533, -0.043240870587431104, -0.0003850322578075992, 0.023083161063706094, 0.043081607908279924], "logdet": [3.6263823884088286, 3.647399362528099, 3.6542752403883063, 3.635618788641204, 3.6031224716384456, 3.5520481718411236, 3.511159616821217, 3.4841295416999913, 3.4727757112035214, 3.464289986487455]}