{"Loss": [2.129628020075132, 1.260861558359374, 1.043466163131426, 0.9826497735467347, 0.9613664351731727, 0.9519718000723881, 0.9469671168792173, 0.9439369411026157, 0.9418387656691689, 0.9403492585293152], "logP": [-1.2379415551633954, -0.35042118056202837, -0.06821662489011439, 0.022335611661213724, 0.05695079877802739, 0.07281323165322344, 0.0815564410280694, 0.0866772514832376, 0.09019755672827456, 0.09211020633789166], "logdet": [2.108313570982255, 2.0895596536450416, 2.0247504966064067, 1.9950146446437955, 1.9816827937117163, 1.9752150003640156, 1.971476472211334, 1.9693858385460932, 1.9679637043356146, 1.9675405644020945]}