{"Loss": [0.6268808595761481, -0.06532864280666646, -0.11375647778593519, -0.1348401314385657, -0.14773155607095678, -0.15605493562307748, -0.1625690350320729, -0.16756122425760864, -0.17141345442044284, -0.17493713419861015], "logP": [-0.8214872217028396, -0.20167429546046556, -0.13180782145720982, -0.09385538378250112, -0.07024833560575666, -0.055219038620989466, -0.04441128200529225, -0.03649065873963442, -0.030976419121469225, -0.027374447551270383], "logdet": [3.1946063877651527, 3.26700297091742, 3.24556432355125, 3.22869554743077, 3.217979919610533, 3.211274004582339, 3.206980350257466, 3.2040519170791097, 3.2023899052877844, 3.202311612150204]}